ÉRÅ[Éh,ì˙ï ,ì˙ï ,édä|ÇØã÷é~
4192,20220710,20220802,1
2484,20220723,20220810,1
7707,20220706,20220807,1
3667,20220707,20220711,1
7727,20220726,20220807,1
3995,20220729,20220802,1
7859,20220810,20220815,1
4475,20220812,20220822,1
6338,20220815,20220817,1
7375,20220816,20220818,1
4493,20220822,20220824,1
6096,20220823,20220830,1
3053,20220824,20220826,1
6054,20220824,20220826,1
3660,20220826,20220901,1
4934,20220906,20220912,1
2138,20220907,20221012,1
9610,20220908,20220913,1
4165,20220909,20220914,1
4170,20220909,20220914,1
8202,20220912,20220915,1
4541,20220912,20220915,1
8077,20220914,20220916,1
4382,20220915,20220920,1
4541,20220916,20220922,1
4934,20220920,20220923,1
4382,20220921,20220926,1
4382,20220921,20220926,1
1518,20220101,20220110,1
2195,20220101,20220110,1
2303,20220101,20220110,1
2934,20220101,20220110,1
3661,20220101,20220110,1
3691,20220101,20220110,1
3856,20220101,20220110,1
4255,20220101,20220110,1
4259,20220101,20220110,1
4260,20220101,20220110,1
4261,20220101,20220110,1
4264,20220101,20220110,1
4379,20220101,20220110,1
4412,20220101,20220110,1
4416,20220101,20220110,1
4417,20220101,20220110,1
4437,20220101,20220110,1
4591,20220101,20220110,1
6094,20220101,20220110,1
7049,20220101,20220110,1
7133,20220101,20220110,1
9212,20220101,20220110,1
9254,20220101,20220110,1
9258,20220101,20220110,1
9522,20220101,20220110,1
4934,20220926,20220930,1
4382,20220927,20221003,1
5986,20220927,20221003,1
2138,20220930,20221005,1
1407,20220117,20220122,1
2195,20220117,20220122,1
2427,20220117,20220122,1
2484,20220117,20220122,1
2927,20220117,20220122,1
3021,20220117,20220122,1
3168,20220117,20220122,1
3267,20220117,20220122,1
3558,20220117,20220122,1
3562,20220117,20220122,1
3604,20220117,20220122,1
3691,20220117,20220122,1
3853,20220117,20220122,1
3960,20220117,20220122,1
3987,20220117,20220122,1
3991,20220117,20220122,1
4015,20220117,20220122,1
4017,20220117,20220122,1
4055,20220117,20220122,1
4125,20220117,20220122,1
4256,20220117,20220122,1
4260,20220117,20220122,1
4356,20220117,20220122,1
4370,20220117,20220122,1
4412,20220117,20220122,1
4418,20220117,20220122,1
4475,20220117,20220122,1
4477,20220117,20220122,1
4594,20220117,20220122,1
4645,20220117,20220122,1
4673,20220117,20220122,1
4885,20220117,20220122,1
5817,20220117,20220122,1
6086,20220117,20220122,1
6334,20220117,20220122,1
6521,20220117,20220122,1
6522,20220117,20220122,1
6541,20220117,20220122,1
6558,20220117,20220122,1
6668,20220117,20220122,1
6814,20220117,20220122,1
7074,20220117,20220122,1
7086,20220117,20220122,1
7373,20220117,20220122,1
7420,20220117,20220122,1
7777,20220117,20220122,1
7816,20220117,20220122,1
8097,20220117,20220122,1
8139,20220117,20220122,1
9145,20220117,20220122,1
9211,20220117,20220122,1
9250,20220117,20220122,1
9251,20220117,20220122,1
9252,20220117,20220122,1
9253,20220117,20220122,1
9258,20220117,20220122,1
9326,20220117,20220122,1
9399,20220117,20220122,1
9731,20220117,20220122,1
9903,20220117,20220122,1
9941,20220127,20220131,1
1563,20220127,20220131,1
1711,20220127,20220131,1
1757,20220127,20220131,1
2134,20220127,20220131,1
2345,20220127,20220131,1
2351,20220127,20220131,1
2667,20220127,20220131,1
2706,20220127,20220131,1
2978,20220127,20220131,1
2983,20220127,20220131,1
3042,20220127,20220131,1
3350,20220127,20220131,1
3491,20220127,20220131,1
3697,20220127,20220131,1
3777,20220127,20220131,1
3791,20220127,20220131,1
3840,20220127,20220131,1
3856,20220127,20220131,1
3858,20220127,20220131,1
3902,20220127,20220131,1
3906,20220127,20220131,1
3923,20220127,20220131,1
3966,20220127,20220131,1
3994,20220127,20220131,1
4016,20220127,20220131,1
4020,20220127,20220131,1
4051,20220127,20220131,1
4054,20220127,20220131,1
4058,20220127,20220131,1
4069,20220127,20220131,1
4071,20220127,20220131,1
4075,20220127,20220131,1
4165,20220127,20220131,1
4167,20220127,20220131,1
4168,20220127,20220131,1
4169,20220127,20220131,1
4174,20220127,20220131,1
4176,20220127,20220131,1
4180,20220127,20220131,1
4256,20220127,20220131,1
4258,20220127,20220131,1
4260,20220127,20220131,1
4261,20220127,20220131,1
4263,20220127,20220131,1
4375,20220127,20220131,1
4377,20220127,20220131,1
4378,20220127,20220131,1
4384,20220127,20220131,1
4388,20220127,20220131,1
4412,20220127,20220131,1
4417,20220127,20220131,1
4418,20220127,20220131,1
4419,20220127,20220131,1
4427,20220127,20220131,1
4432,20220127,20220131,1
4434,20220127,20220131,1
4443,20220127,20220131,1
4445,20220127,20220131,1
4449,20220127,20220131,1
4475,20220127,20220131,1
4477,20220127,20220131,1
4479,20220127,20220131,1
4483,20220127,20220131,1
4485,20220127,20220131,1
4487,20220127,20220131,1
4490,20220127,20220131,1
4492,20220127,20220131,1
4498,20220127,20220131,1
4575,20220127,20220131,1
4591,20220127,20220131,1
4616,20220127,20220131,1
4751,20220127,20220131,1
4776,20220127,20220131,1
4880,20220127,20220131,1
4882,20220127,20220131,1
4918,20220127,20220131,1
4932,20220127,20220131,1
4933,20220127,20220131,1
5724,20220127,20220131,1
6027,20220127,20220131,1
6045,20220127,20220131,1
6192,20220127,20220131,1
6337,20220127,20220131,1
6405,20220127,20220131,1
6522,20220127,20220131,1
6541,20220127,20220131,1
6557,20220127,20220131,1
6558,20220127,20220131,1
6563,20220127,20220131,1
6564,20220127,20220131,1
6955,20220127,20220131,1
6973,20220127,20220131,1
6982,20220127,20220131,1
7033,20220127,20220131,1
7036,20220127,20220131,1
7044,20220127,20220131,1
7072,20220127,20220131,1
7082,20220127,20220131,1
7090,20220127,20220131,1
7092,20220127,20220131,1
7095,20220127,20220131,1
7353,20220127,20220131,1
7362,20220127,20220131,1
7373,20220127,20220131,1
7374,20220127,20220131,1
7375,20220127,20220131,1
7379,20220127,20220131,1
7383,20220127,20220131,1
7695,20220127,20220131,1
7808,20220127,20220131,1
7809,20220127,20220131,1
7896,20220127,20220131,1
8918,20220127,20220131,1
8938,20220127,20220131,1
9211,20220127,20220131,1
9212,20220127,20220131,1
9244,20220127,20220131,1
9245,20220127,20220131,1
9250,20220127,20220131,1
9254,20220127,20220131,1
9258,20220127,20220131,1
9263,20220127,20220131,1
9270,20220127,20220131,1
9399,20220127,20220131,1
9522,20220127,20220131,1
9685,20220127,20220131,1
9885,20220127,20220131,1
2352,20220201,20220207,1
3137,20220201,20220207,1
3294,20220201,20220207,1
3326,20220201,20220207,1
3402,20220201,20220207,1
3762,20220201,20220207,1
4080,20220201,20220207,1
4575,20220201,20220207,1
4771,20220201,20220207,1
5074,20220201,20220207,1
5410,20220201,20220207,1
5702,20220201,20220207,1
6104,20220201,20220207,1
6470,20220201,20220207,1
6471,20220201,20220207,1
6961,20220201,20220207,1
7433,20220201,20220207,1
8918,20220201,20220207,1
9090,20220201,20220207,1
9176,20220201,20220207,1
9425,20220201,20220207,1
9658,20220201,20220207,1
2433,20220210,20220220,1
3465,20220210,20220220,1
3649,20220210,20220220,1
3673,20220210,20220220,1
3680,20220210,20220220,1
3970,20220210,20220220,1
4014,20220210,20220220,1
4172,20220210,20220220,1
4837,20220210,20220220,1
5721,20220210,20220220,1
6541,20220210,20220220,1
6640,20220210,20220220,1
6850,20220210,20220220,1
7036,20220210,20220220,1
7094,20220210,20220220,1
7254,20220210,20220220,1
9064,20220210,20220220,1
9213,20220210,20220220,1
1324,20220228,20220307,1
3945,20220228,20220307,1
5025,20220228,20220307,1
8894,20220228,20220307,1
9176,20220228,20220307,1
1543,20220314,20220321,1
1572,20220314,20220321,1
4075,20220314,20220321,1
4417,20220314,20220321,1
4592,20220314,20220321,1
4919,20220314,20220321,1
6579,20220314,20220321,1
9318,20220314,20220321,1
2743,20220314,20220321,1
3760,20220314,20220321,1
4375,20220314,20220321,1
4449,20220314,20220321,1
4880,20220314,20220321,1
4889,20220314,20220321,1
6336,20220314,20220321,1
7356,20220314,20220321,1
8040,20220314,20220321,1
8139,20220314,20220321,1
9522,20220314,20220321,1
2743,20220322,20220331,1
3760,20220322,20220331,1
4375,20220322,20220331,1
4449,20220322,20220331,1
4880,20220322,20220331,1
4889,20220322,20220331,1
6336,20220322,20220331,1
7356,20220322,20220331,1
8040,20220322,20220331,1
8139,20220322,20220331,1
9522,20220322,20220331,1
1711,20220401,20220408,1
2334,20220401,20220408,1
2721,20220401,20220408,1
2778,20220401,20220408,1
3512,20220401,20220408,1
3647,20220401,20220408,1
3936,20220401,20220408,1
4170,20220401,20220408,1
4268,20220401,20220408,1
4381,20220401,20220408,1
4393,20220401,20220408,1
4427,20220401,20220408,1
6205,20220401,20220408,1
6578,20220401,20220408,1
6579,20220401,20220408,1
6840,20220401,20220408,1
7044,20220401,20220408,1
7068,20220401,20220408,1
9176,20220401,20220408,1
9318,20220401,20220408,1
1711,20220411,20220418,1
2326,20220411,20220418,1
2743,20220411,20220418,1
3046,20220411,20220418,1
3328,20220411,20220418,1
3490,20220411,20220418,1
3542,20220411,20220418,1
3815,20220411,20220418,1
3919,20220411,20220418,1
4051,20220411,20220418,1
4165,20220411,20220418,1
4170,20220411,20220418,1
4174,20220411,20220418,1
4381,20220411,20220418,1
4418,20220411,20220418,1
4443,20220411,20220418,1
4479,20220411,20220418,1
6166,20220411,20220418,1
6236,20220411,20220418,1
6532,20220411,20220418,1
6558,20220411,20220418,1
6564,20220411,20220418,1
6659,20220411,20220418,1
7044,20220411,20220418,1
7060,20220411,20220418,1
7347,20220411,20220418,1
7372,20220411,20220418,1
9212,20220411,20220418,1
9219,20220411,20220418,1
9220,20220411,20220418,1
1689,20220419,20220428,1
2776,20220419,20220428,1
4174,20220419,20220428,1
4199,20220419,20220428,1
8783,20220419,20220428,1
9318,20220419,20220428,1
2127,20220502,20220510,1
2492,20220502,20220510,1
3350,20220502,20220510,1
3810,20220502,20220510,1
4689,20220502,20220510,1
4937,20220502,20220510,1
6523,20220502,20220510,1
6573,20220502,20220510,1
6754,20220502,20220510,1
6932,20220502,20220510,1
6938,20220502,20220510,1
7066,20220502,20220510,1
7352,20220502,20220510,1
7726,20220502,20220510,1
8103,20220502,20220510,1
2782,20220511,20220519,1
2998,20220511,20220519,1
3541,20220511,20220519,1
3825,20220511,20220519,1
4165,20220511,20220519,1
4418,20220511,20220519,1
4483,20220511,20220519,1
5031,20220511,20220519,1
5541,20220511,20220519,1
6193,20220511,20220519,1
6513,20220511,20220519,1
6565,20220511,20220519,1
6943,20220511,20220519,1
7089,20220511,20220519,1
7090,20220511,20220519,1
7372,20220511,20220519,1
7897,20220511,20220519,1
8920,20220511,20220519,1
8929,20220511,20220519,1
9272,20220511,20220519,1
9318,20220511,20220519,1
1552,20220520,20220529,1
2437,20220520,20220529,1
4541,20220520,20220529,1
5194,20220520,20220529,1
5820,20220520,20220529,1
5990,20220520,20220529,1
6029,20220520,20220529,1
6537,20220520,20220529,1
6743,20220520,20220529,1
9318,20220520,20220529,1
1783,20220530,20220608,1
2162,20220530,20220608,1
2493,20220530,20220608,1
2698,20220530,20220608,1
6150,20220530,20220608,1
6266,20220530,20220608,1
8166,20220530,20220608,1
8886,20220530,20220608,1
9318,20220530,20220608,1
9827,20220530,20220608,1
1689,20220609,20220616,1
2437,20220609,20220616,1
6307,20220609,20220616,1
6561,20220609,20220616,1
7064,20220609,20220616,1
7359,20220609,20220616,1
7640,20220609,20220616,1
8202,20220609,20220616,1
9107,20220609,20220616,1
9318,20220609,20220616,1
9704,20220609,20220616,1
1757,20220617,20220625,1
3491,20220617,20220625,1
3777,20220617,20220625,1
3825,20220617,20220625,1
4015,20220617,20220625,1
4194,20220617,20220625,1
4847,20220617,20220625,1
4883,20220617,20220625,1
4888,20220617,20220625,1
5032,20220617,20220625,1
5301,20220617,20220625,1
6176,20220617,20220625,1
6558,20220617,20220625,1
6942,20220617,20220625,1
7033,20220617,20220625,1
7073,20220617,20220625,1
7363,20220617,20220625,1
7375,20220617,20220625,1
8894,20220617,20220625,1
9318,20220617,20220625,1
2721,20220627,20220705,1
3810,20220627,20220705,1
4575,20220627,20220705,1
4777,20220627,20220705,1
7868,20220627,20220705,1
8215,20220627,20220705,1
8918,20220627,20220705,1
8938,20220627,20220705,1
9318,20220627,20220705,1
1605,20220706,20220710,1
1671,20220706,20220710,1
1685,20220706,20220710,1
1690,20220706,20220710,1
1691,20220706,20220710,1
1699,20220706,20220710,1
1743,20220706,20220710,1
2038,20220706,20220710,1
2471,20220706,20220710,1
3772,20220706,20220710,1
4193,20220706,20220710,1
4343,20220706,20220710,1
5727,20220706,20220710,1
6731,20220706,20220710,1
7093,20220706,20220710,1
7372,20220706,20220710,1
7794,20220706,20220710,1
7901,20220706,20220710,1
8918,20220706,20220710,1
9552,20220706,20220710,1
9554,20220706,20220710,1
5986,20221003,20221008,1
7356,20221016,20221021,1
4165,20221019,20221024,1
4176,20221019,20221107,1
6048,20221020,20221026,1
4375,20221021,20221110,1
4477,20220914,20221118,1
4170,20221113,20220919,1
2304,20221117,20221120,1
3911,20221117,20221120,1
4541,20221117,20221120,1
4598,20221117,20221120,1
5380,20221117,20221120,1
6094,20221117,20221120,1
6731,20221117,20221120,1
7878,20221117,20221120,1
7901,20221117,20221120,1
9318,20221117,20221120,1
1773,20221120,20221123,1
2120,20221120,20221123,1
4422,20221120,20221123,1
4883,20221120,20221123,1
6721,20221120,20221123,1
6731,20221120,20221123,1
7036,20221120,20221123,1
3416,20221121,20221126,1
4891,20221121,20221126,1
5132,20221121,20221126,1
6721,20221121,20221126,1
6731,20221121,20221126,1
9227,20221121,20221126,1
